{"cameraMode":{"drawMode":0,"name":"Shaded","section":"Shading Mode"},"sceneLighting":true,"audioPlay":false,"sceneViewState":{"m_AlwaysRefresh":false,"showFog":true,"showSkybox":true,"showFlares":true,"showImageEffects":true,"showParticleSystems":true,"showVisualEffectGraphs":true,"m_FxEnabled":true},"in2DMode":false,"pivot":{"x":-1.8387287855148316,"y":-8.518451690673829,"z":0.3139336109161377},"rotation":{"x":0.6030890345573425,"y":0.0071789599023759369,"z":-0.0054277763701975349,"w":0.7976243495941162},"size":3.5660252571105959,"orthographic":false}